{"cameraMode":{"drawMode":0,"name":"Shaded","section":"Shading Mode"},"sceneLighting":false,"audioPlay":false,"sceneViewState":{"m_AlwaysRefresh":false,"showFog":true,"showSkybox":false,"showFlares":true,"showImageEffects":true,"showParticleSystems":true,"showVisualEffectGraphs":true,"m_FxEnabled":true},"in2DMode":false,"pivot":{"x":-0.18000367283821107,"y":0.11791739612817764,"z":0.007601678371429443},"rotation":{"x":-0.0014975395752117038,"y":-0.054871197789907458,"z":-0.00008305058145197108,"w":0.99849933385849},"size":0.41944295167922976,"orthographic":false}